dataset,model,window_s,seed,test_subject_0based,test_accuracy_percent,source,source_file,validation_status
DTU,CNN,0.5,2025,0,69.53125,exp037,exp037_dtu_loso_fair_baselines/derived_results/cell_results.csv,PASS
DTU,CNN,0.5,2025,1,49.82244318181818,exp037,exp037_dtu_loso_fair_baselines/derived_results/cell_results.csv,PASS
DTU,CNN,0.5,2025,2,58.203125,exp037,exp037_dtu_loso_fair_baselines/derived_results/cell_results.csv,PASS
DTU,CNN,0.5,2025,3,63.24573863636363,exp037,exp037_dtu_loso_fair_baselines/derived_results/cell_results.csv,PASS
DTU,CNN,0.5,2025,4,50.95880681818182,exp037,exp037_dtu_loso_fair_baselines/derived_results/cell_results.csv,PASS
DTU,CNN,0.5,2025,5,51.91761363636363,exp037,exp037_dtu_loso_fair_baselines/derived_results/cell_results.csv,PASS
DTU,CNN,0.5,2025,6,54.47443181818182,exp037,exp037_dtu_loso_fair_baselines/derived_results/cell_results.csv,PASS
DTU,CNN,0.5,2025,7,50.49715909090909,exp037,exp037_dtu_loso_fair_baselines/derived_results/cell_results.csv,PASS
DTU,CNN,0.5,2025,8,63.38778409090909,exp037,exp037_dtu_loso_fair_baselines/derived_results/cell_results.csv,PASS
DTU,CNN,0.5,2025,9,53.69318181818182,exp037,exp037_dtu_loso_fair_baselines/derived_results/cell_results.csv,PASS
DTU,CNN,0.5,2025,10,61.29261363636363,exp037,exp037_dtu_loso_fair_baselines/derived_results/cell_results.csv,PASS
DTU,CNN,0.5,2025,11,59.44602272727273,exp037,exp037_dtu_loso_fair_baselines/derived_results/cell_results.csv,PASS
DTU,CNN,0.5,2025,12,52.55681818181818,exp037,exp037_dtu_loso_fair_baselines/derived_results/cell_results.csv,PASS
DTU,CNN,0.5,2025,13,50.10653409090909,exp037,exp037_dtu_loso_fair_baselines/derived_results/cell_results.csv,PASS
DTU,CNN,0.5,2025,14,60.15625,exp037,exp037_dtu_loso_fair_baselines/derived_results/cell_results.csv,PASS
DTU,CNN,0.5,2025,15,51.02982954545454,exp037,exp037_dtu_loso_fair_baselines/derived_results/cell_results.csv,PASS
DTU,CNN,0.5,2025,16,54.61647727272727,exp037,exp037_dtu_loso_fair_baselines/derived_results/cell_results.csv,PASS
DTU,CNN,0.5,2025,17,57.88352272727273,exp037,exp037_dtu_loso_fair_baselines/derived_results/cell_results.csv,PASS
DTU,CNN,0.5,2025,18,48.721590909090914,exp037,exp037_dtu_loso_fair_baselines/derived_results/cell_results.csv,PASS
DTU,CNN,0.5,2025,19,67.8622159090909,exp037,exp037_dtu_loso_fair_baselines/derived_results/cell_results.csv,PASS
DTU,CNN,0.5,2025,20,51.77556818181818,exp037,exp037_dtu_loso_fair_baselines/derived_results/cell_results.csv,PASS
DTU,XANet,0.5,2025,0,50.0,exp038,exp038_legacy_baselines_fair/derived_results/loso_cell_results.csv,PASS
DTU,XANet,0.5,2025,1,50.0,exp038,exp038_legacy_baselines_fair/derived_results/loso_cell_results.csv,PASS
DTU,XANet,0.5,2025,2,50.0,exp038,exp038_legacy_baselines_fair/derived_results/loso_cell_results.csv,PASS
DTU,XANet,0.5,2025,3,50.0,exp038,exp038_legacy_baselines_fair/derived_results/loso_cell_results.csv,PASS
DTU,XANet,0.5,2025,4,50.0,exp038,exp038_legacy_baselines_fair/derived_results/loso_cell_results.csv,PASS
DTU,XANet,0.5,2025,5,50.0,exp038,exp038_legacy_baselines_fair/derived_results/loso_cell_results.csv,PASS
DTU,XANet,0.5,2025,6,50.0,exp038,exp038_legacy_baselines_fair/derived_results/loso_cell_results.csv,PASS
DTU,XANet,0.5,2025,7,50.0,exp038,exp038_legacy_baselines_fair/derived_results/loso_cell_results.csv,PASS
DTU,XANet,0.5,2025,8,50.0,exp038,exp038_legacy_baselines_fair/derived_results/loso_cell_results.csv,PASS
DTU,XANet,0.5,2025,9,50.0,exp038,exp038_legacy_baselines_fair/derived_results/loso_cell_results.csv,PASS
DTU,XANet,0.5,2025,10,50.0,exp038,exp038_legacy_baselines_fair/derived_results/loso_cell_results.csv,PASS
DTU,XANet,0.5,2025,11,50.0,exp038,exp038_legacy_baselines_fair/derived_results/loso_cell_results.csv,PASS
DTU,XANet,0.5,2025,12,50.0,exp038,exp038_legacy_baselines_fair/derived_results/loso_cell_results.csv,PASS
DTU,XANet,0.5,2025,13,50.0,exp038,exp038_legacy_baselines_fair/derived_results/loso_cell_results.csv,PASS
DTU,XANet,0.5,2025,14,50.0,exp038,exp038_legacy_baselines_fair/derived_results/loso_cell_results.csv,PASS
DTU,XANet,0.5,2025,15,50.0,exp038,exp038_legacy_baselines_fair/derived_results/loso_cell_results.csv,PASS
DTU,XANet,0.5,2025,16,50.0,exp038,exp038_legacy_baselines_fair/derived_results/loso_cell_results.csv,PASS
DTU,XANet,0.5,2025,17,50.0,exp038,exp038_legacy_baselines_fair/derived_results/loso_cell_results.csv,PASS
DTU,XANet,0.5,2025,18,50.0,exp038,exp038_legacy_baselines_fair/derived_results/loso_cell_results.csv,PASS
DTU,XANet,0.5,2025,19,50.0,exp038,exp038_legacy_baselines_fair/derived_results/loso_cell_results.csv,PASS
DTU,XANet,0.5,2025,20,50.0,exp038,exp038_legacy_baselines_fair/derived_results/loso_cell_results.csv,PASS
DTU,DenseNet,0.5,2025,0,50.0,exp037,exp037_dtu_loso_fair_baselines/derived_results/cell_results.csv,PASS
DTU,DenseNet,0.5,2025,1,50.0,exp037,exp037_dtu_loso_fair_baselines/derived_results/cell_results.csv,PASS
DTU,DenseNet,0.5,2025,2,50.0,exp037,exp037_dtu_loso_fair_baselines/derived_results/cell_results.csv,PASS
DTU,DenseNet,0.5,2025,3,50.0,exp037,exp037_dtu_loso_fair_baselines/derived_results/cell_results.csv,PASS
DTU,DenseNet,0.5,2025,4,50.0,exp037,exp037_dtu_loso_fair_baselines/derived_results/cell_results.csv,PASS
DTU,DenseNet,0.5,2025,5,49.82244318181818,exp037,exp037_dtu_loso_fair_baselines/derived_results/cell_results.csv,PASS
DTU,DenseNet,0.5,2025,6,50.0,exp037,exp037_dtu_loso_fair_baselines/derived_results/cell_results.csv,PASS
DTU,DenseNet,0.5,2025,7,50.07102272727273,exp037,exp037_dtu_loso_fair_baselines/derived_results/cell_results.csv,PASS
DTU,DenseNet,0.5,2025,8,50.0,exp037,exp037_dtu_loso_fair_baselines/derived_results/cell_results.csv,PASS
DTU,DenseNet,0.5,2025,9,50.0,exp037,exp037_dtu_loso_fair_baselines/derived_results/cell_results.csv,PASS
DTU,DenseNet,0.5,2025,10,50.0,exp037,exp037_dtu_loso_fair_baselines/derived_results/cell_results.csv,PASS
DTU,DenseNet,0.5,2025,11,50.0,exp037,exp037_dtu_loso_fair_baselines/derived_results/cell_results.csv,PASS
DTU,DenseNet,0.5,2025,12,50.0,exp037,exp037_dtu_loso_fair_baselines/derived_results/cell_results.csv,PASS
DTU,DenseNet,0.5,2025,13,50.0,exp037,exp037_dtu_loso_fair_baselines/derived_results/cell_results.csv,PASS
DTU,DenseNet,0.5,2025,14,50.0,exp037,exp037_dtu_loso_fair_baselines/derived_results/cell_results.csv,PASS
DTU,DenseNet,0.5,2025,15,49.92897727272727,exp037,exp037_dtu_loso_fair_baselines/derived_results/cell_results.csv,PASS
DTU,DenseNet,0.5,2025,16,50.0,exp037,exp037_dtu_loso_fair_baselines/derived_results/cell_results.csv,PASS
DTU,DenseNet,0.5,2025,17,50.0,exp037,exp037_dtu_loso_fair_baselines/derived_results/cell_results.csv,PASS
DTU,DenseNet,0.5,2025,18,49.96448863636363,exp037,exp037_dtu_loso_fair_baselines/derived_results/cell_results.csv,PASS
DTU,DenseNet,0.5,2025,19,50.0,exp037,exp037_dtu_loso_fair_baselines/derived_results/cell_results.csv,PASS
DTU,DenseNet,0.5,2025,20,49.96448863636363,exp037,exp037_dtu_loso_fair_baselines/derived_results/cell_results.csv,PASS
DTU,DARNet,0.5,2025,0,77.48579545454545,exp037,exp037_dtu_loso_fair_baselines/derived_results/cell_results.csv,PASS
DTU,DARNet,0.5,2025,1,60.01420454545454,exp037,exp037_dtu_loso_fair_baselines/derived_results/cell_results.csv,PASS
DTU,DARNet,0.5,2025,2,66.76136363636364,exp037,exp037_dtu_loso_fair_baselines/derived_results/cell_results.csv,PASS
DTU,DARNet,0.5,2025,3,81.25,exp037,exp037_dtu_loso_fair_baselines/derived_results/cell_results.csv,PASS
DTU,DARNet,0.5,2025,4,54.97159090909091,exp037,exp037_dtu_loso_fair_baselines/derived_results/cell_results.csv,PASS
DTU,DARNet,0.5,2025,5,56.640625,exp037,exp037_dtu_loso_fair_baselines/derived_results/cell_results.csv,PASS
DTU,DARNet,0.5,2025,6,51.5625,exp037,exp037_dtu_loso_fair_baselines/derived_results/cell_results.csv,PASS
DTU,DARNet,0.5,2025,7,51.02982954545454,exp037,exp037_dtu_loso_fair_baselines/derived_results/cell_results.csv,PASS
DTU,DARNet,0.5,2025,8,49.85795454545455,exp037,exp037_dtu_loso_fair_baselines/derived_results/cell_results.csv,PASS
DTU,DARNet,0.5,2025,9,61.78977272727273,exp037,exp037_dtu_loso_fair_baselines/derived_results/cell_results.csv,PASS
DTU,DARNet,0.5,2025,10,56.67613636363637,exp037,exp037_dtu_loso_fair_baselines/derived_results/cell_results.csv,PASS
DTU,DARNet,0.5,2025,11,65.5184659090909,exp037,exp037_dtu_loso_fair_baselines/derived_results/cell_results.csv,PASS
DTU,DARNet,0.5,2025,12,54.75852272727273,exp037,exp037_dtu_loso_fair_baselines/derived_results/cell_results.csv,PASS
DTU,DARNet,0.5,2025,13,52.94744318181818,exp037,exp037_dtu_loso_fair_baselines/derived_results/cell_results.csv,PASS
DTU,DARNet,0.5,2025,14,53.90625,exp037,exp037_dtu_loso_fair_baselines/derived_results/cell_results.csv,PASS
DTU,DARNet,0.5,2025,15,49.85795454545455,exp037,exp037_dtu_loso_fair_baselines/derived_results/cell_results.csv,PASS
DTU,DARNet,0.5,2025,16,49.893465909090914,exp037,exp037_dtu_loso_fair_baselines/derived_results/cell_results.csv,PASS
DTU,DARNet,0.5,2025,17,58.70028409090909,exp037,exp037_dtu_loso_fair_baselines/derived_results/cell_results.csv,PASS
DTU,DARNet,0.5,2025,18,50.85227272727273,exp037,exp037_dtu_loso_fair_baselines/derived_results/cell_results.csv,PASS
DTU,DARNet,0.5,2025,19,61.25710227272727,exp037,exp037_dtu_loso_fair_baselines/derived_results/cell_results.csv,PASS
DTU,DARNet,0.5,2025,20,51.5625,exp037,exp037_dtu_loso_fair_baselines/derived_results/cell_results.csv,PASS
DTU,DBPNet,0.5,2025,0,65.3409090909091,exp038,exp038_legacy_baselines_fair/derived_results/loso_cell_results.csv,PASS
DTU,DBPNet,0.5,2025,1,64.91477272727273,exp038,exp038_legacy_baselines_fair/derived_results/loso_cell_results.csv,PASS
DTU,DBPNet,0.5,2025,2,70.0284090909091,exp038,exp038_legacy_baselines_fair/derived_results/loso_cell_results.csv,PASS
DTU,DBPNet,0.5,2025,3,73.61505681818183,exp038,exp038_legacy_baselines_fair/derived_results/loso_cell_results.csv,PASS
DTU,DBPNet,0.5,2025,4,51.70454545454546,exp038,exp038_legacy_baselines_fair/derived_results/loso_cell_results.csv,PASS
DTU,DBPNet,0.5,2025,5,52.34375,exp038,exp038_legacy_baselines_fair/derived_results/loso_cell_results.csv,PASS
DTU,DBPNet,0.5,2025,6,66.83238636363636,exp038,exp038_legacy_baselines_fair/derived_results/loso_cell_results.csv,PASS
DTU,DBPNet,0.5,2025,7,51.49147727272727,exp038,exp038_legacy_baselines_fair/derived_results/loso_cell_results.csv,PASS
DTU,DBPNet,0.5,2025,8,64.48863636363636,exp038,exp038_legacy_baselines_fair/derived_results/loso_cell_results.csv,PASS
DTU,DBPNet,0.5,2025,9,56.85369318181818,exp038,exp038_legacy_baselines_fair/derived_results/loso_cell_results.csv,PASS
DTU,DBPNet,0.5,2025,10,62.53551136363637,exp038,exp038_legacy_baselines_fair/derived_results/loso_cell_results.csv,PASS
DTU,DBPNet,0.5,2025,11,62.21590909090909,exp038,exp038_legacy_baselines_fair/derived_results/loso_cell_results.csv,PASS
DTU,DBPNet,0.5,2025,12,50.71022727272727,exp038,exp038_legacy_baselines_fair/derived_results/loso_cell_results.csv,PASS
DTU,DBPNet,0.5,2025,13,54.11931818181818,exp038,exp038_legacy_baselines_fair/derived_results/loso_cell_results.csv,PASS
DTU,DBPNet,0.5,2025,14,61.04403409090909,exp038,exp038_legacy_baselines_fair/derived_results/loso_cell_results.csv,PASS
DTU,DBPNet,0.5,2025,15,49.36079545454545,exp038,exp038_legacy_baselines_fair/derived_results/loso_cell_results.csv,PASS
DTU,DBPNet,0.5,2025,16,52.48579545454546,exp038,exp038_legacy_baselines_fair/derived_results/loso_cell_results.csv,PASS
DTU,DBPNet,0.5,2025,17,52.16619318181818,exp038,exp038_legacy_baselines_fair/derived_results/loso_cell_results.csv,PASS
DTU,DBPNet,0.5,2025,18,52.05965909090909,exp038,exp038_legacy_baselines_fair/derived_results/loso_cell_results.csv,PASS
DTU,DBPNet,0.5,2025,19,55.89488636363637,exp038,exp038_legacy_baselines_fair/derived_results/loso_cell_results.csv,PASS
DTU,DBPNet,0.5,2025,20,53.83522727272727,exp038,exp038_legacy_baselines_fair/derived_results/loso_cell_results.csv,PASS
DTU,ListenNet,0.5,2025,0,50.28409090909091,exp037,exp037_dtu_loso_fair_baselines/derived_results/cell_results.csv,PASS
DTU,ListenNet,0.5,2025,1,61.96732954545454,exp037,exp037_dtu_loso_fair_baselines/derived_results/cell_results.csv,PASS
DTU,ListenNet,0.5,2025,2,50.0,exp037,exp037_dtu_loso_fair_baselines/derived_results/cell_results.csv,PASS
DTU,ListenNet,0.5,2025,3,50.10653409090909,exp037,exp037_dtu_loso_fair_baselines/derived_results/cell_results.csv,PASS
DTU,ListenNet,0.5,2025,4,50.0,exp037,exp037_dtu_loso_fair_baselines/derived_results/cell_results.csv,PASS
DTU,ListenNet,0.5,2025,5,50.0,exp037,exp037_dtu_loso_fair_baselines/derived_results/cell_results.csv,PASS
DTU,ListenNet,0.5,2025,6,52.30823863636363,exp037,exp037_dtu_loso_fair_baselines/derived_results/cell_results.csv,PASS
DTU,ListenNet,0.5,2025,7,50.10653409090909,exp037,exp037_dtu_loso_fair_baselines/derived_results/cell_results.csv,PASS
DTU,ListenNet,0.5,2025,8,54.15482954545454,exp037,exp037_dtu_loso_fair_baselines/derived_results/cell_results.csv,PASS
DTU,ListenNet,0.5,2025,9,50.0,exp037,exp037_dtu_loso_fair_baselines/derived_results/cell_results.csv,PASS
DTU,ListenNet,0.5,2025,10,50.14204545454546,exp037,exp037_dtu_loso_fair_baselines/derived_results/cell_results.csv,PASS
DTU,ListenNet,0.5,2025,11,47.72727272727273,exp037,exp037_dtu_loso_fair_baselines/derived_results/cell_results.csv,PASS
DTU,ListenNet,0.5,2025,12,49.96448863636363,exp037,exp037_dtu_loso_fair_baselines/derived_results/cell_results.csv,PASS
DTU,ListenNet,0.5,2025,13,50.78125,exp037,exp037_dtu_loso_fair_baselines/derived_results/cell_results.csv,PASS
DTU,ListenNet,0.5,2025,14,50.35511363636363,exp037,exp037_dtu_loso_fair_baselines/derived_results/cell_results.csv,PASS
DTU,ListenNet,0.5,2025,15,53.69318181818182,exp037,exp037_dtu_loso_fair_baselines/derived_results/cell_results.csv,PASS
DTU,ListenNet,0.5,2025,16,52.09517045454546,exp037,exp037_dtu_loso_fair_baselines/derived_results/cell_results.csv,PASS
DTU,ListenNet,0.5,2025,17,50.46164772727273,exp037,exp037_dtu_loso_fair_baselines/derived_results/cell_results.csv,PASS
DTU,ListenNet,0.5,2025,18,49.68039772727273,exp037,exp037_dtu_loso_fair_baselines/derived_results/cell_results.csv,PASS
DTU,ListenNet,0.5,2025,19,48.89914772727273,exp037,exp037_dtu_loso_fair_baselines/derived_results/cell_results.csv,PASS
DTU,ListenNet,0.5,2025,20,51.02982954545454,exp037,exp037_dtu_loso_fair_baselines/derived_results/cell_results.csv,PASS
DTU,MHANet,0.5,2025,0,55.93039772727273,exp038,exp038_legacy_baselines_fair/derived_results/loso_cell_results.csv,PASS
DTU,MHANet,0.5,2025,1,50.0,exp038,exp038_legacy_baselines_fair/derived_results/loso_cell_results.csv,PASS
DTU,MHANet,0.5,2025,2,49.96448863636363,exp038,exp038_legacy_baselines_fair/derived_results/loso_cell_results.csv,PASS
DTU,MHANet,0.5,2025,3,50.03551136363637,exp038,exp038_legacy_baselines_fair/derived_results/loso_cell_results.csv,PASS
DTU,MHANet,0.5,2025,4,50.0,exp038,exp038_legacy_baselines_fair/derived_results/loso_cell_results.csv,PASS
DTU,MHANet,0.5,2025,5,50.21306818181818,exp038,exp038_legacy_baselines_fair/derived_results/loso_cell_results.csv,PASS
DTU,MHANet,0.5,2025,6,53.125,exp038,exp038_legacy_baselines_fair/derived_results/loso_cell_results.csv,PASS
DTU,MHANet,0.5,2025,7,49.92897727272727,exp038,exp038_legacy_baselines_fair/derived_results/loso_cell_results.csv,PASS
DTU,MHANet,0.5,2025,8,54.40340909090909,exp038,exp038_legacy_baselines_fair/derived_results/loso_cell_results.csv,PASS
DTU,MHANet,0.5,2025,9,50.0,exp038,exp038_legacy_baselines_fair/derived_results/loso_cell_results.csv,PASS
DTU,MHANet,0.5,2025,10,50.03551136363637,exp038,exp038_legacy_baselines_fair/derived_results/loso_cell_results.csv,PASS
DTU,MHANet,0.5,2025,11,50.0,exp038,exp038_legacy_baselines_fair/derived_results/loso_cell_results.csv,PASS
DTU,MHANet,0.5,2025,12,50.24857954545454,exp038,exp038_legacy_baselines_fair/derived_results/loso_cell_results.csv,PASS
DTU,MHANet,0.5,2025,13,50.03551136363637,exp038,exp038_legacy_baselines_fair/derived_results/loso_cell_results.csv,PASS
DTU,MHANet,0.5,2025,14,49.96448863636363,exp038,exp038_legacy_baselines_fair/derived_results/loso_cell_results.csv,PASS
DTU,MHANet,0.5,2025,15,49.893465909090914,exp038,exp038_legacy_baselines_fair/derived_results/loso_cell_results.csv,PASS
DTU,MHANet,0.5,2025,16,50.0,exp038,exp038_legacy_baselines_fair/derived_results/loso_cell_results.csv,PASS
DTU,MHANet,0.5,2025,17,50.03551136363637,exp038,exp038_legacy_baselines_fair/derived_results/loso_cell_results.csv,PASS
DTU,MHANet,0.5,2025,18,50.0,exp038,exp038_legacy_baselines_fair/derived_results/loso_cell_results.csv,PASS
DTU,MHANet,0.5,2025,19,49.92897727272727,exp038,exp038_legacy_baselines_fair/derived_results/loso_cell_results.csv,PASS
DTU,MHANet,0.5,2025,20,49.96448863636363,exp038,exp038_legacy_baselines_fair/derived_results/loso_cell_results.csv,PASS
DTU,MDFNet,0.5,2025,0,72.47869318181817,exp042,exp042_aaai_mdfnet_loso_3windows/raw_results/full/DTU_MDFNet_w64_s00/attempt1,PASS
DTU,MDFNet,0.5,2025,1,69.77982954545455,exp042,exp042_aaai_mdfnet_loso_3windows/raw_results/full/DTU_MDFNet_w64_s01/attempt1,PASS
DTU,MDFNet,0.5,2025,2,78.94176136363636,exp042,exp042_aaai_mdfnet_loso_3windows/raw_results/full/DTU_MDFNet_w64_s02/attempt1,PASS
DTU,MDFNet,0.5,2025,3,82.17329545454545,exp042,exp042_aaai_mdfnet_loso_3windows/raw_results/full/DTU_MDFNet_w64_s03/attempt1,PASS
DTU,MDFNet,0.5,2025,4,53.33806818181818,exp042,exp042_aaai_mdfnet_loso_3windows/raw_results/full/DTU_MDFNet_w64_s04/attempt1,PASS
DTU,MDFNet,0.5,2025,5,57.06676136363637,exp042,exp042_aaai_mdfnet_loso_3windows/raw_results/full/DTU_MDFNet_w64_s05/attempt1,PASS
DTU,MDFNet,0.5,2025,6,74.00568181818183,exp042,exp042_aaai_mdfnet_loso_3windows/raw_results/full/DTU_MDFNet_w64_s06/attempt1,PASS
DTU,MDFNet,0.5,2025,7,50.46164772727273,exp042,exp042_aaai_mdfnet_loso_3windows/raw_results/full/DTU_MDFNet_w64_s07/attempt1,PASS
DTU,MDFNet,0.5,2025,8,59.83664772727273,exp042,exp042_aaai_mdfnet_loso_3windows/raw_results/full/DTU_MDFNet_w64_s08/attempt1,PASS
DTU,MDFNet,0.5,2025,9,58.73579545454546,exp042,exp042_aaai_mdfnet_loso_3windows/raw_results/full/DTU_MDFNet_w64_s09/attempt1,PASS
DTU,MDFNet,0.5,2025,10,64.02698863636364,exp042,exp042_aaai_mdfnet_loso_3windows/raw_results/full/DTU_MDFNet_w64_s10/attempt1,PASS
DTU,MDFNet,0.5,2025,11,58.87784090909091,exp042,exp042_aaai_mdfnet_loso_3windows/raw_results/full/DTU_MDFNet_w64_s11/attempt1,PASS
DTU,MDFNet,0.5,2025,12,55.68181818181818,exp042,exp042_aaai_mdfnet_loso_3windows/raw_results/full/DTU_MDFNet_w64_s12/attempt1,PASS
DTU,MDFNet,0.5,2025,13,50.49715909090909,exp042,exp042_aaai_mdfnet_loso_3windows/raw_results/full/DTU_MDFNet_w64_s13/attempt1,PASS
DTU,MDFNet,0.5,2025,14,56.32102272727273,exp042,exp042_aaai_mdfnet_loso_3windows/raw_results/full/DTU_MDFNet_w64_s14/attempt1,PASS
DTU,MDFNet,0.5,2025,15,50.07102272727273,exp042,exp042_aaai_mdfnet_loso_3windows/raw_results/full/DTU_MDFNet_w64_s15/attempt1,PASS
DTU,MDFNet,0.5,2025,16,56.56960227272727,exp042,exp042_aaai_mdfnet_loso_3windows/raw_results/full/DTU_MDFNet_w64_s16/attempt1,PASS
DTU,MDFNet,0.5,2025,17,54.33238636363637,exp042,exp042_aaai_mdfnet_loso_3windows/raw_results/full/DTU_MDFNet_w64_s17/attempt1,PASS
DTU,MDFNet,0.5,2025,18,51.42045454545454,exp042,exp042_aaai_mdfnet_loso_3windows/raw_results/full/DTU_MDFNet_w64_s18/attempt1,PASS
DTU,MDFNet,0.5,2025,19,71.484375,exp042,exp042_aaai_mdfnet_loso_3windows/raw_results/full/DTU_MDFNet_w64_s19/attempt1,PASS
DTU,MDFNet,0.5,2025,20,48.86363636363637,exp042,exp042_aaai_mdfnet_loso_3windows/raw_results/full/DTU_MDFNet_w64_s20/attempt1,PASS
KUL,CNN,0.5,2025,0,50.81597222222223,exp038,exp038_legacy_baselines_fair/derived_results/loso_cell_results.csv,PASS
KUL,CNN,0.5,2025,1,49.96527777777778,exp038,exp038_legacy_baselines_fair/derived_results/loso_cell_results.csv,PASS
KUL,CNN,0.5,2025,2,59.42708333333333,exp038,exp038_legacy_baselines_fair/derived_results/loso_cell_results.csv,PASS
KUL,CNN,0.5,2025,3,52.44791666666667,exp038,exp038_legacy_baselines_fair/derived_results/loso_cell_results.csv,PASS
KUL,CNN,0.5,2025,4,54.49652777777778,exp038,exp038_legacy_baselines_fair/derived_results/loso_cell_results.csv,PASS
KUL,CNN,0.5,2025,5,49.583333333333336,exp038,exp038_legacy_baselines_fair/derived_results/loso_cell_results.csv,PASS
KUL,CNN,0.5,2025,6,50.364583333333336,exp038,exp038_legacy_baselines_fair/derived_results/loso_cell_results.csv,PASS
KUL,CNN,0.5,2025,7,48.4375,exp038,exp038_legacy_baselines_fair/derived_results/loso_cell_results.csv,PASS
KUL,CNN,0.5,2025,8,49.77430555555556,exp038,exp038_legacy_baselines_fair/derived_results/loso_cell_results.csv,PASS
KUL,CNN,0.5,2025,9,54.40972222222222,exp038,exp038_legacy_baselines_fair/derived_results/loso_cell_results.csv,PASS
KUL,CNN,0.5,2025,10,53.62847222222222,exp038,exp038_legacy_baselines_fair/derived_results/loso_cell_results.csv,PASS
KUL,CNN,0.5,2025,11,48.645833333333336,exp038,exp038_legacy_baselines_fair/derived_results/loso_cell_results.csv,PASS
KUL,CNN,0.5,2025,12,51.12847222222222,exp038,exp038_legacy_baselines_fair/derived_results/loso_cell_results.csv,PASS
KUL,CNN,0.5,2025,13,56.70138888888889,exp038,exp038_legacy_baselines_fair/derived_results/loso_cell_results.csv,PASS
KUL,CNN,0.5,2025,14,51.96180555555555,exp038,exp038_legacy_baselines_fair/derived_results/loso_cell_results.csv,PASS
KUL,CNN,0.5,2025,15,56.28472222222223,exp038,exp038_legacy_baselines_fair/derived_results/loso_cell_results.csv,PASS
KUL,XANet,0.5,2025,0,60.50347222222222,exp038,exp038_legacy_baselines_fair/derived_results/loso_cell_results.csv,PASS
KUL,XANet,0.5,2025,1,91.64930555555556,exp038,exp038_legacy_baselines_fair/derived_results/loso_cell_results.csv,PASS
KUL,XANet,0.5,2025,2,51.40625,exp038,exp038_legacy_baselines_fair/derived_results/loso_cell_results.csv,PASS
KUL,XANet,0.5,2025,3,64.70486111111111,exp038,exp038_legacy_baselines_fair/derived_results/loso_cell_results.csv,PASS
KUL,XANet,0.5,2025,4,73.64583333333333,exp038,exp038_legacy_baselines_fair/derived_results/loso_cell_results.csv,PASS
KUL,XANet,0.5,2025,5,43.732638888888886,exp038,exp038_legacy_baselines_fair/derived_results/loso_cell_results.csv,PASS
KUL,XANet,0.5,2025,6,53.28125,exp038,exp038_legacy_baselines_fair/derived_results/loso_cell_results.csv,PASS
KUL,XANet,0.5,2025,7,82.43055555555556,exp038,exp038_legacy_baselines_fair/derived_results/loso_cell_results.csv,PASS
KUL,XANet,0.5,2025,8,61.510416666666664,exp038,exp038_legacy_baselines_fair/derived_results/loso_cell_results.csv,PASS
KUL,XANet,0.5,2025,9,77.37847222222223,exp038,exp038_legacy_baselines_fair/derived_results/loso_cell_results.csv,PASS
KUL,XANet,0.5,2025,10,50.86805555555556,exp038,exp038_legacy_baselines_fair/derived_results/loso_cell_results.csv,PASS
KUL,XANet,0.5,2025,11,54.77430555555556,exp038,exp038_legacy_baselines_fair/derived_results/loso_cell_results.csv,PASS
KUL,XANet,0.5,2025,12,92.91666666666667,exp038,exp038_legacy_baselines_fair/derived_results/loso_cell_results.csv,PASS
KUL,XANet,0.5,2025,13,84.89583333333334,exp038,exp038_legacy_baselines_fair/derived_results/loso_cell_results.csv,PASS
KUL,XANet,0.5,2025,14,51.388888888888886,exp038,exp038_legacy_baselines_fair/derived_results/loso_cell_results.csv,PASS
KUL,XANet,0.5,2025,15,95.98958333333333,exp038,exp038_legacy_baselines_fair/derived_results/loso_cell_results.csv,PASS
KUL,DenseNet,0.5,2025,0,62.81250000000001,exp038,exp038_legacy_baselines_fair/derived_results/loso_cell_results.csv,PASS
KUL,DenseNet,0.5,2025,1,89.93055555555556,exp038,exp038_legacy_baselines_fair/derived_results/loso_cell_results.csv,PASS
KUL,DenseNet,0.5,2025,2,64.16666666666667,exp038,exp038_legacy_baselines_fair/derived_results/loso_cell_results.csv,PASS
KUL,DenseNet,0.5,2025,3,53.55902777777778,exp038,exp038_legacy_baselines_fair/derived_results/loso_cell_results.csv,PASS
KUL,DenseNet,0.5,2025,4,74.42708333333333,exp038,exp038_legacy_baselines_fair/derived_results/loso_cell_results.csv,PASS
KUL,DenseNet,0.5,2025,5,46.18055555555556,exp038,exp038_legacy_baselines_fair/derived_results/loso_cell_results.csv,PASS
KUL,DenseNet,0.5,2025,6,53.263888888888886,exp038,exp038_legacy_baselines_fair/derived_results/loso_cell_results.csv,PASS
KUL,DenseNet,0.5,2025,7,70.60763888888889,exp038,exp038_legacy_baselines_fair/derived_results/loso_cell_results.csv,PASS
KUL,DenseNet,0.5,2025,8,74.84375,exp038,exp038_legacy_baselines_fair/derived_results/loso_cell_results.csv,PASS
KUL,DenseNet,0.5,2025,9,51.99652777777778,exp038,exp038_legacy_baselines_fair/derived_results/loso_cell_results.csv,PASS
KUL,DenseNet,0.5,2025,10,57.11805555555556,exp038,exp038_legacy_baselines_fair/derived_results/loso_cell_results.csv,PASS
KUL,DenseNet,0.5,2025,11,51.822916666666664,exp038,exp038_legacy_baselines_fair/derived_results/loso_cell_results.csv,PASS
KUL,DenseNet,0.5,2025,12,53.07291666666667,exp038,exp038_legacy_baselines_fair/derived_results/loso_cell_results.csv,PASS
KUL,DenseNet,0.5,2025,13,65.12152777777777,exp038,exp038_legacy_baselines_fair/derived_results/loso_cell_results.csv,PASS
KUL,DenseNet,0.5,2025,14,56.267361111111114,exp038,exp038_legacy_baselines_fair/derived_results/loso_cell_results.csv,PASS
KUL,DenseNet,0.5,2025,15,97.22222222222221,exp038,exp038_legacy_baselines_fair/derived_results/loso_cell_results.csv,PASS
KUL,DARNet,0.5,2025,0,65.92013888888889,exp038,exp038_legacy_baselines_fair/derived_results/loso_cell_results.csv,PASS
KUL,DARNet,0.5,2025,1,71.21527777777777,exp038,exp038_legacy_baselines_fair/derived_results/loso_cell_results.csv,PASS
KUL,DARNet,0.5,2025,2,50.138888888888886,exp038,exp038_legacy_baselines_fair/derived_results/loso_cell_results.csv,PASS
KUL,DARNet,0.5,2025,3,53.62847222222222,exp038,exp038_legacy_baselines_fair/derived_results/loso_cell_results.csv,PASS
KUL,DARNet,0.5,2025,4,85.0,exp038,exp038_legacy_baselines_fair/derived_results/loso_cell_results.csv,PASS
KUL,DARNet,0.5,2025,5,48.4375,exp038,exp038_legacy_baselines_fair/derived_results/loso_cell_results.csv,PASS
KUL,DARNet,0.5,2025,6,54.60069444444444,exp038,exp038_legacy_baselines_fair/derived_results/loso_cell_results.csv,PASS
KUL,DARNet,0.5,2025,7,73.33333333333333,exp038,exp038_legacy_baselines_fair/derived_results/loso_cell_results.csv,PASS
KUL,DARNet,0.5,2025,8,50.642361111111114,exp038,exp038_legacy_baselines_fair/derived_results/loso_cell_results.csv,PASS
KUL,DARNet,0.5,2025,9,74.09722222222223,exp038,exp038_legacy_baselines_fair/derived_results/loso_cell_results.csv,PASS
KUL,DARNet,0.5,2025,10,52.56944444444444,exp038,exp038_legacy_baselines_fair/derived_results/loso_cell_results.csv,PASS
KUL,DARNet,0.5,2025,11,51.26736111111111,exp038,exp038_legacy_baselines_fair/derived_results/loso_cell_results.csv,PASS
KUL,DARNet,0.5,2025,12,66.66666666666666,exp038,exp038_legacy_baselines_fair/derived_results/loso_cell_results.csv,PASS
KUL,DARNet,0.5,2025,13,91.82291666666667,exp038,exp038_legacy_baselines_fair/derived_results/loso_cell_results.csv,PASS
KUL,DARNet,0.5,2025,14,45.642361111111114,exp038,exp038_legacy_baselines_fair/derived_results/loso_cell_results.csv,PASS
KUL,DARNet,0.5,2025,15,93.35069444444444,exp038,exp038_legacy_baselines_fair/derived_results/loso_cell_results.csv,PASS
KUL,DBPNet,0.5,2025,0,61.04166666666667,exp038,exp038_legacy_baselines_fair/derived_results/loso_cell_results.csv,PASS
KUL,DBPNet,0.5,2025,1,72.17013888888889,exp038,exp038_legacy_baselines_fair/derived_results/loso_cell_results.csv,PASS
KUL,DBPNet,0.5,2025,2,58.55902777777777,exp038,exp038_legacy_baselines_fair/derived_results/loso_cell_results.csv,PASS
KUL,DBPNet,0.5,2025,3,59.96527777777778,exp038,exp038_legacy_baselines_fair/derived_results/loso_cell_results.csv,PASS
KUL,DBPNet,0.5,2025,4,72.67361111111111,exp038,exp038_legacy_baselines_fair/derived_results/loso_cell_results.csv,PASS
KUL,DBPNet,0.5,2025,5,49.80902777777778,exp038,exp038_legacy_baselines_fair/derived_results/loso_cell_results.csv,PASS
KUL,DBPNet,0.5,2025,6,49.39236111111111,exp038,exp038_legacy_baselines_fair/derived_results/loso_cell_results.csv,PASS
KUL,DBPNet,0.5,2025,7,70.72916666666667,exp038,exp038_legacy_baselines_fair/derived_results/loso_cell_results.csv,PASS
KUL,DBPNet,0.5,2025,8,61.78819444444444,exp038,exp038_legacy_baselines_fair/derived_results/loso_cell_results.csv,PASS
KUL,DBPNet,0.5,2025,9,60.62499999999999,exp038,exp038_legacy_baselines_fair/derived_results/loso_cell_results.csv,PASS
KUL,DBPNet,0.5,2025,10,56.388888888888886,exp038,exp038_legacy_baselines_fair/derived_results/loso_cell_results.csv,PASS
KUL,DBPNet,0.5,2025,11,54.25347222222222,exp038,exp038_legacy_baselines_fair/derived_results/loso_cell_results.csv,PASS
KUL,DBPNet,0.5,2025,12,77.22222222222223,exp038,exp038_legacy_baselines_fair/derived_results/loso_cell_results.csv,PASS
KUL,DBPNet,0.5,2025,13,70.88541666666667,exp038,exp038_legacy_baselines_fair/derived_results/loso_cell_results.csv,PASS
KUL,DBPNet,0.5,2025,14,54.79166666666667,exp038,exp038_legacy_baselines_fair/derived_results/loso_cell_results.csv,PASS
KUL,DBPNet,0.5,2025,15,87.65625,exp038,exp038_legacy_baselines_fair/derived_results/loso_cell_results.csv,PASS
KUL,ListenNet,0.5,2025,0,62.5,exp038,exp038_legacy_baselines_fair/derived_results/loso_cell_results.csv,PASS
KUL,ListenNet,0.5,2025,1,87.04861111111111,exp038,exp038_legacy_baselines_fair/derived_results/loso_cell_results.csv,PASS
KUL,ListenNet,0.5,2025,2,50.017361111111114,exp038,exp038_legacy_baselines_fair/derived_results/loso_cell_results.csv,PASS
KUL,ListenNet,0.5,2025,3,65.64236111111111,exp038,exp038_legacy_baselines_fair/derived_results/loso_cell_results.csv,PASS
KUL,ListenNet,0.5,2025,4,74.58333333333333,exp038,exp038_legacy_baselines_fair/derived_results/loso_cell_results.csv,PASS
KUL,ListenNet,0.5,2025,5,30.416666666666664,exp038,exp038_legacy_baselines_fair/derived_results/loso_cell_results.csv,PASS
KUL,ListenNet,0.5,2025,6,53.62847222222222,exp038,exp038_legacy_baselines_fair/derived_results/loso_cell_results.csv,PASS
KUL,ListenNet,0.5,2025,7,75.83333333333333,exp038,exp038_legacy_baselines_fair/derived_results/loso_cell_results.csv,PASS
KUL,ListenNet,0.5,2025,8,59.02777777777778,exp038,exp038_legacy_baselines_fair/derived_results/loso_cell_results.csv,PASS
KUL,ListenNet,0.5,2025,9,68.87152777777777,exp038,exp038_legacy_baselines_fair/derived_results/loso_cell_results.csv,PASS
KUL,ListenNet,0.5,2025,10,52.916666666666664,exp038,exp038_legacy_baselines_fair/derived_results/loso_cell_results.csv,PASS
KUL,ListenNet,0.5,2025,11,53.43750000000001,exp038,exp038_legacy_baselines_fair/derived_results/loso_cell_results.csv,PASS
KUL,ListenNet,0.5,2025,12,80.95486111111111,exp038,exp038_legacy_baselines_fair/derived_results/loso_cell_results.csv,PASS
KUL,ListenNet,0.5,2025,13,77.41319444444444,exp038,exp038_legacy_baselines_fair/derived_results/loso_cell_results.csv,PASS
KUL,ListenNet,0.5,2025,14,54.98263888888889,exp038,exp038_legacy_baselines_fair/derived_results/loso_cell_results.csv,PASS
KUL,ListenNet,0.5,2025,15,96.23263888888889,exp038,exp038_legacy_baselines_fair/derived_results/loso_cell_results.csv,PASS
KUL,MHANet,0.5,2025,0,62.56944444444444,exp038,exp038_legacy_baselines_fair/derived_results/loso_cell_results.csv,PASS
KUL,MHANet,0.5,2025,1,76.26736111111111,exp038,exp038_legacy_baselines_fair/derived_results/loso_cell_results.csv,PASS
KUL,MHANet,0.5,2025,2,51.49305555555556,exp038,exp038_legacy_baselines_fair/derived_results/loso_cell_results.csv,PASS
KUL,MHANet,0.5,2025,3,57.72569444444444,exp038,exp038_legacy_baselines_fair/derived_results/loso_cell_results.csv,PASS
KUL,MHANet,0.5,2025,4,83.07291666666666,exp038,exp038_legacy_baselines_fair/derived_results/loso_cell_results.csv,PASS
KUL,MHANet,0.5,2025,5,54.44444444444444,exp038,exp038_legacy_baselines_fair/derived_results/loso_cell_results.csv,PASS
KUL,MHANet,0.5,2025,6,53.47222222222222,exp038,exp038_legacy_baselines_fair/derived_results/loso_cell_results.csv,PASS
KUL,MHANet,0.5,2025,7,74.73958333333334,exp038,exp038_legacy_baselines_fair/derived_results/loso_cell_results.csv,PASS
KUL,MHANet,0.5,2025,8,60.74652777777778,exp038,exp038_legacy_baselines_fair/derived_results/loso_cell_results.csv,PASS
KUL,MHANet,0.5,2025,9,64.25347222222221,exp038,exp038_legacy_baselines_fair/derived_results/loso_cell_results.csv,PASS
KUL,MHANet,0.5,2025,10,51.5625,exp038,exp038_legacy_baselines_fair/derived_results/loso_cell_results.csv,PASS
KUL,MHANet,0.5,2025,11,58.14236111111111,exp038,exp038_legacy_baselines_fair/derived_results/loso_cell_results.csv,PASS
KUL,MHANet,0.5,2025,12,87.79513888888889,exp038,exp038_legacy_baselines_fair/derived_results/loso_cell_results.csv,PASS
KUL,MHANet,0.5,2025,13,89.77430555555556,exp038,exp038_legacy_baselines_fair/derived_results/loso_cell_results.csv,PASS
KUL,MHANet,0.5,2025,14,51.770833333333336,exp038,exp038_legacy_baselines_fair/derived_results/loso_cell_results.csv,PASS
KUL,MHANet,0.5,2025,15,88.94097222222223,exp038,exp038_legacy_baselines_fair/derived_results/loso_cell_results.csv,PASS
KUL,MDFNet,0.5,2025,0,62.04861111111111,exp042,exp042_aaai_mdfnet_loso_3windows/raw_results/full/KUL_MDFNet_w64_s00/attempt1,PASS
KUL,MDFNet,0.5,2025,1,88.85416666666667,exp042,exp042_aaai_mdfnet_loso_3windows/raw_results/full/KUL_MDFNet_w64_s01/attempt1,PASS
KUL,MDFNet,0.5,2025,2,58.97569444444445,exp042,exp042_aaai_mdfnet_loso_3windows/raw_results/full/KUL_MDFNet_w64_s02/attempt1,PASS
KUL,MDFNet,0.5,2025,3,55.486111111111114,exp042,exp042_aaai_mdfnet_loso_3windows/raw_results/full/KUL_MDFNet_w64_s03/attempt1,PASS
KUL,MDFNet,0.5,2025,4,89.53125,exp042,exp042_aaai_mdfnet_loso_3windows/raw_results/full/KUL_MDFNet_w64_s04/attempt1,PASS
KUL,MDFNet,0.5,2025,5,46.18055555555556,exp042,exp042_aaai_mdfnet_loso_3windows/raw_results/full/KUL_MDFNet_w64_s05/attempt1,PASS
KUL,MDFNet,0.5,2025,6,50.69444444444444,exp042,exp042_aaai_mdfnet_loso_3windows/raw_results/full/KUL_MDFNet_w64_s06/attempt1,PASS
KUL,MDFNet,0.5,2025,7,81.04166666666667,exp042,exp042_aaai_mdfnet_loso_3windows/raw_results/full/KUL_MDFNet_w64_s07/attempt1,PASS
KUL,MDFNet,0.5,2025,8,82.70833333333333,exp042,exp042_aaai_mdfnet_loso_3windows/raw_results/full/KUL_MDFNet_w64_s08/attempt1,PASS
KUL,MDFNet,0.5,2025,9,55.12152777777778,exp042,exp042_aaai_mdfnet_loso_3windows/raw_results/full/KUL_MDFNet_w64_s09/attempt1,PASS
KUL,MDFNet,0.5,2025,10,51.701388888888886,exp042,exp042_aaai_mdfnet_loso_3windows/raw_results/full/KUL_MDFNet_w64_s10/attempt1,PASS
KUL,MDFNet,0.5,2025,11,53.05555555555556,exp042,exp042_aaai_mdfnet_loso_3windows/raw_results/full/KUL_MDFNet_w64_s11/attempt1,PASS
KUL,MDFNet,0.5,2025,12,80.81597222222221,exp042,exp042_aaai_mdfnet_loso_3windows/raw_results/full/KUL_MDFNet_w64_s12/attempt1,PASS
KUL,MDFNet,0.5,2025,13,91.82291666666667,exp042,exp042_aaai_mdfnet_loso_3windows/raw_results/full/KUL_MDFNet_w64_s13/attempt1,PASS
KUL,MDFNet,0.5,2025,14,56.49305555555556,exp042,exp042_aaai_mdfnet_loso_3windows/raw_results/full/KUL_MDFNet_w64_s14/attempt1,PASS
KUL,MDFNet,0.5,2025,15,98.95833333333334,exp042,exp042_aaai_mdfnet_loso_3windows/raw_results/full/KUL_MDFNet_w64_s15/attempt1,PASS
